userId,movieId,rating
1045626,1407,4.0
1045626,1485,2.0
1045626,1584,3.0
1045626,1608,3.0
1045626,1617,4.0
1045626,1641,4.0
1045626,1676,5.0
1045626,1690,3.0
1045626,1704,4.0
1045626,1721,5.0
1045626,1722,4.0
1050248,6,5.0
1050248,1225,5.0
1050248,1584,5.0
1050248,1721,5.0
1050248,1917,5.0
1054480,11,5.0
1054480,16,2.0
1054480,21,4.0
1054480,25,4.0
1054480,32,3.0
1054480,34,1.0
1054480,36,3.0
1054480,39,5.0
1054480,47,5.0
1054480,50,5.0
1054480,110,3.0
1054480,111,4.0
1054480,161,4.0
1054480,223,4.0
1054480,260,3.0
1054480,288,5.0
1054480,296,4.0
1054480,318,4.0
1054480,337,2.0
1054480,356,4.0
1054480,377,3.0
1054480,380,3.0
1054480,457,3.0
1054480,508,4.0
1054480,520,3.0
1054480,527,4.0
1054480,539,4.0
1054480,587,3.0
1054480,593,5.0
1054480,608,4.0
1054480,733,3.0
1054480,778,4.0
1054480,903,5.0
1054480,904,4.0
1054480,912,5.0
1054480,923,4.0
1054480,953,2.0
1054480,1092,3.0
1054480,1094,3.0
1054480,1207,5.0
1054480,1213,5.0
1054480,1265,4.0
1054480,1304,4.0
1054480,1358,4.0
1054480,1393,4.0
1054480,1394,2.0
1054480,1396,5.0
1054480,1500,4.0
1054480,1617,3.0
1054480,1625,5.0
1054480,1641,2.0
1054480,1673,5.0
1054480,1682,2.0
1054480,1704,4.0
1054480,1721,1.0
1054480,1732,2.0
1054480,1747,3.0
1054480,1784,5.0
1054480,1923,5.0
1054480,1954,4.0
1054480,2028,2.0
1054480,2321,3.0
1054480,2324,5.0
1054480,2329,5.0
1054480,2353,3.0
1054480,2396,5.0
1054480,2571,3.0
1054480,2599,3.0
1054480,2671,3.0
1054480,2712,4.0
1054480,2762,5.0
1054480,2763,4.0
1054480,2804,5.0
1054480,2858,5.0
1054480,2997,4.0
1054480,3175,5.0
1054480,3176,4.0
1054480,3418,4.0
1054480,3481,4.0
1054480,3751,3.0
1054480,3755,2.0
1054703,11,4.0
1054703,17,5.0
1054703,25,2.0
1054703,32,4.0
1054703,39,4.0
1054703,50,3.0
1054703,110,3.0
1054703,260,2.0
1054703,296,5.0
1054703,318,5.0
1054703,356,3.0
1054703,509,3.0
1054703,527,2.0
1054703,541,5.0
1054703,589,4.0
1054703,593,5.0
1054703,608,5.0
1054703,750,5.0
1054703,858,5.0
1054703,903,3.0
1054703,908,5.0
1054703,910,5.0
1054703,912,5.0
1054703,913,4.0
1054703,919,4.0
1054703,920,4.0
1054703,924,5.0
1054703,1079,3.0
1054703,1089,5.0
1054703,1193,5.0
1054703,1196,4.0
1054703,1197,4.0
1054703,1198,5.0
1054703,1200,2.0
1054703,1201,4.0
1054703,1203,5.0
1054703,1204,3.0
1054703,1206,5.0
1054703,1210,3.0
1054703,1220,3.0
1054703,1221,4.0
1054703,1222,4.0
1054703,1240,4.0
1054703,1252,5.0
1054703,1259,4.0
1054703,1262,4.0
1054703,1270,4.0
1054703,1276,5.0
1054703,1288,4.0
1054703,1291,3.0
1054703,1304,5.0
1054703,1610,3.0
1054703,1617,4.0
1054703,1674,4.0
1054703,1721,4.0
1054703,1732,5.0
1054703,1784,5.0
1054703,1876,3.0
1054703,1954,4.0
1054703,2000,4.0
1054703,2028,4.0
1054703,2194,4.0
1054703,2268,3.0
1054703,2396,5.0
1054703,2529,4.0
1054703,2571,5.0
1054703,2657,1.0
1054703,2692,4.0
1054703,2700,2.0
1054703,2712,3.0
1054703,2762,5.0
1054703,2791,4.0
1054703,2858,4.0
1054703,2890,5.0
1054703,2947,5.0
1054703,2997,5.0
1054703,3081,4.0
1054703,3408,4.0
1054703,3481,5.0
1054703,3793,5.0
1054703,3994,1.0
1054703,3996,5.0
1054703,4014,4.0
1054703,4022,3.0
1054703,4027,3.0
1054703,4034,3.0
1056094,356,4.0
1056094,527,4.0
1056094,750,5.0
1056094,912,5.0
1056094,1208,5.0
1056094,1210,3.0
1056094,1233,5.0
1056094,1263,5.0
1056094,2028,5.0
1056094,2396,5.0
1056094,2858,4.0
1057288,904,4.0
1057288,910,4.0
1057288,923,5.0
1057288,1250,3.0
1057288,1252,4.0
1057288,1961,1.0
1057288,2115,1.0
1057288,2321,3.0
1060094,2858,3.0
1060094,2890,1.0
1060094,2997,3.0
1060094,3000,1.0
1060094,3114,1.0
1060147,2,3.0
1060147,50,4.0
1060147,70,3.0
1060147,196,3.0
1060147,253,5.0
1060147,260,4.0
1060147,296,4.0
1060147,318,5.0
1060147,367,3.0
1060147,673,3.0
1060147,1073,5.0
1060147,1097,4.0
1060147,1215,5.0
1060147,1258,4.0
1060147,1278,3.0
1060147,1333,4.0
1060147,1407,4.0
1060147,2003,3.0
1060147,2005,5.0
1060147,2054,3.0
1060147,2167,4.0
1060147,2174,5.0
1060147,2396,4.0
1060147,2628,4.0
1060147,2657,5.0
1060147,2710,5.0
1060147,2716,3.0
1060147,2797,3.0
1060147,2858,5.0
1060147,2997,4.0
1060147,3052,4.0
1060147,3081,5.0
1060147,3114,4.0
1060147,3147,5.0
1073992,110,4.0
1073992,296,5.0
1073992,440,4.0
1073992,593,5.0
1073992,858,5.0
1073992,910,4.0
1073992,912,4.0
1073992,1196,3.0
1073992,1200,4.0
1073992,1221,5.0
1073992,1225,4.0
1073992,1242,4.0
1073992,1259,4.0
1073992,1288,4.0
1073992,1617,3.0
1073992,2424,4.0
1073992,3052,4.0
1090549,1,4.0
1090549,34,4.0
1090549,364,5.0
1090549,551,3.0
1090549,552,2.0
1090549,588,4.0
1090549,594,5.0
1090549,595,5.0
1090549,661,3.0
1090549,910,5.0
1090549,919,5.0
1090549,920,4.0
1090549,1028,5.0
1090549,1035,5.0
1090549,1197,5.0
1090549,1199,5.0
1090549,1282,5.0
1090549,1394,5.0
1090549,1500,4.0
1090549,1968,5.0
1090549,2324,5.0
1090549,2396,5.0
1090549,2804,5.0
1090549,2858,5.0
1090549,3114,4.0
1090549,3421,3.0
1092733,1,3.0
1092733,50,5.0
1092733,112,4.0
1092733,223,5.0
1092733,260,4.0
1092733,296,5.0
1092733,368,1.0
1092733,377,2.0
1092733,480,2.0
1092733,553,5.0
1092733,590,4.0
1092733,595,2.0
1092733,608,5.0
1092733,750,5.0
1092733,785,4.0
1092733,788,5.0
1092733,858,4.0
1092733,903,5.0
1092733,908,4.0
1092733,919,4.0
1092733,924,3.0
1092733,1073,3.0
1092733,1089,4.0
1092733,1097,4.0
1092733,1127,3.0
1092733,1148,4.0
1092733,1196,5.0
1092733,1197,5.0
1092733,1198,3.0
1092733,1201,4.0
1092733,1210,3.0
1092733,1214,3.0
1092733,1221,3.0
1092733,1222,5.0
1092733,1240,2.0
1092733,1242,3.0
1092733,1266,3.0
1092733,1270,3.0
1092733,1291,4.0
1092733,1304,4.0
1092733,1333,4.0
1092733,1374,2.0
1092733,1376,4.0
1092733,1387,2.0
1092733,1394,5.0
1092733,1408,3.0
1092733,1466,3.0
1092733,1500,2.0
1092733,1617,4.0
1092733,1732,5.0
1092733,1961,4.0
1092733,2005,2.0
1092733,2019,5.0
1092733,2028,4.0
1092733,2054,2.0
1092733,2080,3.0
1092733,2167,1.0
1092733,2395,5.0
1092733,2396,5.0
1092733,2502,4.0
1092733,2542,4.0
1092733,2628,3.0
1092733,2683,5.0
1092733,2700,5.0
1092733,2706,5.0
1092733,2716,3.0
1092733,2762,4.0
1092733,2797,3.0
1092733,2916,2.0
1092733,2987,3.0
1092733,2997,5.0
1092733,3408,4.0
1092733,3671,4.0
1094492,1,5.0
1094492,11,4.0
1094492,21,4.0
1094492,25,4.0
1094492,34,3.0
1094492,62,5.0
1094492,141,5.0
1094492,150,5.0
1094492,265,5.0
1094492,296,5.0
1094492,317,3.0
1094492,318,5.0
1094492,356,5.0
1094492,357,4.0
1094492,500,5.0
1094492,508,5.0
1094492,539,4.0
1094492,588,4.0
1094492,590,5.0
1094492,593,4.0
1094492,908,5.0
1094492,1094,5.0
1094492,1210,4.0
1094492,1265,4.0
1094492,1393,4.0
1094492,1580,5.0
1094492,1673,5.0
1094492,1682,4.0
1094492,1732,5.0
1094492,1747,5.0
1094492,1784,4.0
1094492,1923,2.0
1094492,2268,4.0
1094492,2291,3.0
1094492,2396,5.0
1094492,2858,5.0
1094492,2890,3.0
1094492,3114,5.0
1094492,3175,3.0
1094492,3253,2.0
1094492,3418,5.0
1094492,3751,5.0
1103685,16,4.0
1103685,19,3.0
1103685,36,5.0
1103685,110,3.0
1103685,141,4.0
1103685,153,3.0
1103685,223,4.0
1103685,235,4.0
1103685,344,4.0
1103685,432,3.0
1103685,440,4.0
1103685,442,3.0
1103685,588,5.0
1103685,590,4.0
1103685,592,4.0
1103685,595,5.0
1103685,902,5.0
1103685,912,5.0
1103685,924,3.0
1103685,1088,4.0
1103685,1092,4.0
1103685,1097,5.0
1103685,1183,5.0
1103685,1196,4.0
1103685,1198,3.0
1103685,1220,5.0
1103685,1225,5.0
1103685,1230,5.0
1103685,1246,5.0
1103685,1270,5.0
1103685,1377,4.0
1103685,1466,3.0
1103685,1517,5.0
1103685,1608,4.0
1103685,1639,4.0
1103685,1645,1.0
1103685,1673,4.0
1103685,1732,4.0
1103685,1968,5.0
1103685,2011,3.0
1103685,2012,3.0
1103685,2174,5.0
1103685,2291,4.0
1103685,2355,5.0
1103685,2407,4.0
1103685,2470,3.0
1103685,2599,4.0
1103685,2683,5.0
1103685,2791,5.0
1103685,2797,5.0
1103685,2804,5.0
1103685,2858,5.0
1103685,3408,4.0
1103685,3671,5.0
1103685,3897,5.0
1104082,253,5.0
1104082,480,4.0
1104082,1690,5.0
1104082,1997,3.0
1104082,2617,4.0
1104082,3175,5.0
1105011,1270,4.0
1105011,2023,4.0
1105011,3481,5.0
1105011,3578,5.0
1105011,3623,5.0
1105011,3751,4.0
1105011,3753,5.0
1105011,3755,5.0
1105011,3897,5.0
1105011,3948,4.0
1105011,3994,4.0
1105011,4018,4.0
1105011,4022,5.0
1105011,4025,4.0
1109036,6,5.0
1109036,11,3.0
1109036,110,4.0
1109036,141,3.0
1109036,480,2.0
1109036,589,4.0
1109036,912,4.0
1109036,924,3.0
1109036,1092,3.0
1109036,1208,4.0
1109036,1214,4.0
1109036,1225,5.0
1109036,1230,4.0
1109036,1233,5.0
1109036,1270,4.0
1109036,1304,4.0
1109036,1372,2.0
1109036,1408,4.0
1109036,1517,1.0
1109036,1573,3.0
1109036,1580,3.0
1109036,1610,3.0
1109036,1617,5.0
1109036,1784,5.0
1109036,1917,2.0
1109036,1968,3.0
1109036,2006,3.0
1109036,2028,5.0
1109036,2353,4.0
1109036,2683,1.0
1109036,2791,4.0
1109036,2797,3.0
1109036,2858,4.0
1109036,3418,5.0
1109036,3421,2.0
1109036,4085,4.0
1109871,6,5.0
1109871,16,5.0
1109871,19,5.0
1109871,50,5.0
1109871,70,5.0
1109871,110,5.0
1109871,231,5.0
1109871,253,5.0
1109871,260,5.0
1109871,293,5.0
1109871,296,5.0
1109871,333,5.0
1109871,435,5.0
1109871,457,5.0
1109871,590,5.0
1109871,784,5.0
1109871,1036,5.0
1109871,1073,5.0
1109871,1079,5.0
1109871,1089,5.0
1109871,1136,5.0
1109871,1196,5.0
1109871,1197,5.0
1109871,1198,5.0
1109871,1210,5.0
1109871,1213,5.0
1109871,1258,5.0
1109871,1263,5.0
1109871,1265,5.0
1109871,1291,5.0
1109871,1387,5.0
1109871,1394,5.0
1109871,1466,5.0
1109871,1517,5.0
1109871,1729,5.0
1109871,1732,5.0
1109871,1784,5.0
1109871,1923,5.0
1109871,1954,5.0
1109871,2000,5.0
1109871,2174,5.0
1109871,2470,5.0
1109871,2502,5.0
1109871,2529,5.0
1109871,3033,5.0
1109871,3253,5.0
1109871,3527,5.0
1109871,3578,5.0
1109871,3793,5.0
1109871,3948,5.0
1111541,223,5.0
1111541,435,1.0
1111541,457,4.0
1111541,587,5.0
1111541,924,5.0
1111541,1090,4.0
1111541,1097,5.0
1111541,1127,3.0
1111541,1206,5.0
1111541,1222,5.0
1111541,1258,4.0
1111541,1617,2.0
1111541,1954,5.0
1111541,2006,2.0
1111541,2355,3.0
1111541,2395,4.0
1111541,2396,4.0
1111541,2502,4.0
1111541,2572,2.0
1111541,2640,5.0
1111541,2683,5.0
1111541,2699,5.0
1111541,2700,4.0
1111541,2701,1.0
1111541,2706,5.0
1111541,2710,2.0
1111541,2712,4.0
1111541,2716,3.0
1111541,2762,5.0
1111541,2763,5.0
1111541,2858,5.0
1111541,2959,5.0
1111541,2987,4.0
1111541,2997,5.0
1111541,3052,3.0
1111541,3081,3.0
1111541,3160,5.0
1111541,3408,4.0
1111541,3471,3.0
1111541,3527,4.0
1111541,3578,5.0
1111541,3623,5.0
1111541,3717,2.0
1111541,3753,4.0
1111541,3793,4.0
1111541,3994,5.0
1111541,3996,5.0
1111541,4018,4.0
1111541,4022,1.0
1113499,17,3.0
1113499,39,3.0
1113499,253,3.0
1113499,260,3.0
1113499,380,4.0
1113499,480,2.0
1113499,589,3.0
1113499,593,3.0
1113499,597,5.0
1113499,648,3.0
1113499,920,4.0
1113499,1036,3.0
1113499,1073,3.0
1113499,1079,2.0
1113499,1092,3.0
1113499,1196,1.0
1113499,1198,3.0
1113499,1210,1.0
1113499,1214,2.0
1113499,1240,3.0
1113499,1265,3.0
1113499,1307,3.0
1113499,1356,3.0
1113499,1374,3.0
1113499,1376,3.0
1113499,1387,2.0
1113499,1584,2.0
1113499,1625,4.0
1113499,1674,4.0
1113499,2003,2.0
1113499,2054,3.0
1113499,2080,3.0
1113499,2355,2.0
1113499,2406,3.0
1113499,2470,3.0
1113499,2716,3.0
1113499,2762,3.0
1113499,2858,1.0
1113499,2985,3.0
1113499,2987,3.0
1113499,3147,4.0
1113499,3176,3.0
1113499,3994,1.0
1113499,3996,1.0
1113499,4018,3.0
1113499,4022,3.0
1113499,4027,1.0
1113499,4034,3.0
1113499,4370,1.0
1117856,480,2.0
1117856,593,1.0
1117856,1097,3.0
1117856,1198,1.0
1117856,1210,1.0
1117856,2628,1.0
1117856,3101,2.0
1119399,5,3.0
1119399,19,1.0
1119399,260,4.0
1119399,344,1.0
1119399,500,4.0
1119399,736,3.0
1119399,858,4.0
1119399,1097,4.0
1119399,1265,4.0
1119399,1307,4.0
1119399,1721,3.0
1119399,2023,4.0
1119399,2470,4.0
1119399,3253,1.0
1119399,4025,4.0
1119399,4034,3.0
1120946,110,5.0
1120946,597,2.0
1120946,1193,4.0
1120946,1266,4.0
1120946,1580,5.0
1120946,1961,5.0
1120946,3081,3.0
1120946,4848,5.0
1120946,4973,4.0
1121081,2,4.0
1121081,110,4.0
1121081,260,5.0
1121081,292,5.0
1121081,329,5.0
1121081,349,3.0
1121081,377,3.0
1121081,380,3.0
1121081,457,4.0
1121081,480,4.0
1121081,552,4.0
1121081,589,5.0
1121081,590,4.0
1121081,592,4.0
1121081,593,4.0
1121081,648,5.0
1121081,653,4.0
1121081,733,3.0
1121081,780,4.0
1121081,1097,4.0
1121081,1101,5.0
1121081,1127,5.0
1121081,1196,5.0
1121081,1197,4.0
1121081,1210,5.0
1121081,1233,4.0
1121081,1291,4.0
1121081,1356,4.0
1121081,1372,5.0
1121081,1374,3.0
1121081,1375,5.0
1121081,1376,5.0
1121081,1377,4.0
1121081,1408,5.0
1121081,1544,3.0
1121081,1573,5.0
1121081,1580,5.0
1121081,1608,3.0
1121081,1610,4.0
1121081,1917,4.0
1121081,2006,4.0
1121081,2054,4.0
1121081,2115,5.0
1121081,2273,4.0
1121081,2353,3.0
1121081,2470,4.0
1121081,2571,5.0
1121081,2617,2.0
1121081,2628,5.0
1121081,2640,3.0
1121081,2692,5.0
1121081,2763,5.0
1121081,2916,4.0
1121081,2987,5.0
1121081,3000,4.0
1121081,3253,3.0
1121081,3578,5.0
1121081,3623,3.0
1121081,3755,4.0
1121081,3793,4.0
1121081,3996,5.0
1121081,4011,4.0
1121081,4025,3.0
1121081,4027,5.0
1121081,4896,5.0
1121081,4963,5.0
1121081,4993,5.0
1121081,4995,5.0
1121373,110,5.0
1121373,160,3.0
1121373,904,5.0
1121373,1197,5.0
1121373,1380,5.0
1121373,1721,5.0
1121554,165,4.0
1121554,260,5.0
1121554,317,3.0
1121554,1088,4.0
1121554,1968,5.0
1133547,1372,4.0
1133547,1722,4.0
1133547,2571,3.5
1133547,2617,2.5
1133547,3101,3.0
1133547,6377,5.0
1139022,500,3.0
1139022,1204,4.0
1139022,1302,3.0
1139022,1370,4.0
1139022,1372,3.0
1139022,1608,2.5
1139022,1645,4.0
1139022,2000,4.0
1139022,2001,4.0
1139022,2167,3.0
1139022,2470,3.0
1139022,2671,4.0
1139022,3052,3.5
1139022,3160,3.0
1139022,3408,3.0
1139022,3448,4.0
1141046,172,2.0
1141046,186,3.5
1141046,342,3.0
1141046,370,2.5
1141046,1653,4.5
1141046,1676,3.0
1141046,2268,3.5
1141046,2395,2.5
1141046,2617,4.0
1141046,2712,3.5
1141046,3408,4.0
1146535,3,1.5
1146535,104,0.5
1146535,337,4.0
1146535,350,2.0
1146535,368,0.5
1146535,442,1.5
1146535,553,3.5
1146535,594,2.5
1146535,786,2.0
1146535,919,1.5
1146535,1208,4.5
1146535,1220,3.0
1146535,1307,4.5
1146535,1527,2.5
1146535,1584,3.0
1146535,1610,2.5
1146535,1784,3.0
1146535,1923,1.0
1146535,2959,3.5
1146535,2987,3.5
1149474,2,1.0
1149474,10,3.0
1149474,11,3.0
1149474,16,3.0
1149474,17,3.0
1149474,19,1.0
1149474,21,3.0
1149474,25,4.5
1149474,32,2.5
1149474,34,2.5
1149474,36,2.5
1149474,47,4.0
1149474,50,4.0
1149474,62,3.5
1149474,95,1.0
1149474,104,2.5
1149474,110,4.0
1149474,111,3.5
1149474,141,2.0
1149474,150,2.5
1149474,153,2.0
1149474,161,2.5
1149474,165,3.0
1149474,168,1.5
1149474,185,2.0
1149474,208,1.0
1149474,231,2.5
1149474,253,3.5
1149474,260,4.0
1149474,266,2.0
1149474,292,1.5
1149474,296,4.0
1149474,300,3.0
1149474,316,3.0
1149474,318,5.0
1149474,329,3.0
1149474,339,1.0
1149474,344,3.0
1149474,349,3.0
1149474,350,1.5
1149474,356,4.0
1149474,357,4.0
1149474,364,3.5
1149474,367,3.0
1149474,377,2.0
1149474,380,3.0
1149474,434,2.0
1149474,440,3.0
1149474,442,1.5
1149474,454,2.5
1149474,457,3.0
1149474,474,2.5
1149474,480,2.5
1149474,500,2.0
1149474,508,3.0
1149474,509,3.5
1149474,527,3.5
1149474,539,3.5
1149474,541,3.0
1149474,543,2.0
1149474,586,2.5
1149474,587,2.0
1149474,588,3.5
1149474,589,3.5
1149474,590,3.5
1149474,592,2.0
1149474,593,4.0
1149474,595,3.0
1149474,597,3.0
1149474,608,4.5
1149474,648,2.5
1149474,708,1.5
1149474,733,2.0
1149474,736,1.5
1149474,750,5.0
1149474,780,3.0
1149474,858,5.0
1149474,912,4.5
1149474,919,4.0
1149474,920,4.0
1149474,1035,3.0
1149474,1036,3.0
1149474,1073,3.0
1149474,1079,3.0
1149474,1080,4.5
1149474,1089,4.0
1149474,1090,4.5
1149474,1097,3.5
1149474,1101,2.5
1149474,1136,3.5
1149474,1193,4.5
1149474,1196,3.5
1149474,1197,1.5
1149474,1198,4.0
1149474,1200,4.0
1149474,1203,4.5
1149474,1208,4.5
1149474,1210,3.5
1149474,1213,3.5
1149474,1214,4.0
1149474,1219,4.0
1149474,1220,5.0
1149474,1221,4.0
1149474,1222,3.0
1149474,1230,5.0
1149474,1234,4.5
1149474,1240,4.0
1149474,1246,4.0
1149474,1247,4.5
1149474,1265,4.0
1149474,1266,4.5
1149474,1270,3.5
1149474,1291,2.5
1149474,1304,4.5
1149474,1307,3.5
1149474,1320,2.5
1149474,1356,2.5
1149474,1372,3.0
1149474,1376,2.5
1149474,1387,3.5
1149474,1391,1.5
1149474,1393,3.5
1149474,1396,2.5
1149474,1517,2.5
1149474,1527,3.0
1149474,1573,2.5
1149474,1580,3.0
1149474,1584,3.0
1149474,1610,2.0
1149474,1617,4.5
1149474,1641,4.0
1149474,1673,2.5
1149474,1682,2.5
1149474,1704,3.5
1149474,1721,3.5
1149474,1784,1.0
1149474,1923,3.0
1149474,1961,3.0
1149474,1968,1.5
1149474,2001,2.0
1149474,2028,3.5
1149474,2194,3.5
1149474,2353,4.0
1149474,2396,3.0
1149474,2571,3.5
1149474,2628,2.5
1149474,2657,3.0
1149474,2683,0.5
1149474,2706,2.5
1149474,2716,3.5
1149474,2762,4.0
1149474,2797,3.5
1149474,2858,3.5
1149474,2916,3.0
1149474,2959,1.5
1149474,2987,2.0
1149474,2997,2.0
1149474,3114,3.0
1149474,3147,4.0
1149474,3421,3.5
1149474,3471,4.5
1149474,3578,4.0
1149474,3793,2.5
1149474,3897,3.5
1149474,3996,1.5
1149474,4034,3.0
1149474,4306,4.0
1149474,4886,4.5
1149474,4993,5.0
1149474,4995,4.0
1149474,5995,3.5
1149474,6377,4.0
1149474,7153,5.0
1149474,7438,3.5
1149474,8360,3.5
1149474,8636,3.5
1152639,1,5.0
1152639,10,3.5
1152639,70,1.0
1152639,104,2.5
1152639,145,4.0
1152639,150,4.0
1152639,163,1.0
1152639,186,3.0
1152639,293,4.5
1152639,356,5.0
1152639,367,4.0
1152639,527,4.0
1152639,648,4.0
1152639,783,3.0
1152639,1073,5.0
1152639,1198,4.0
1152639,1206,4.5
1152639,1485,3.5
1152639,1517,3.5
1152639,1625,5.0
1152639,1682,4.0
1152639,2054,4.0
1152639,2273,3.0
1152639,2396,5.0
1152639,2700,3.0
1152639,2762,5.0
1152639,2763,4.5
1152639,2959,4.0
1152639,3081,3.0
1152639,3114,5.0
1152639,3147,5.0
1152639,3578,5.0
1152639,3623,4.0
1152639,3948,5.0
1152639,4022,5.0
1152639,4306,5.0
1152639,4720,5.0
1152639,4848,4.0
1152639,4886,5.0
1152639,4896,5.0
1152639,4963,4.5
1152639,4993,4.0
1152639,5060,3.0
1152639,5349,4.0
1152639,5418,4.5
1152639,5502,1.0
1152639,5679,4.0
1152639,5816,5.0
1152639,5952,4.5
1152639,5989,5.0
1152639,6365,3.5
1152639,6377,5.0
1152639,6378,4.0
1152639,6539,5.0
1152639,6711,5.0
1152639,6874,5.0
1152639,7147,3.5
1152639,7153,4.0
1152639,7254,4.5
1152639,7361,4.0
1152639,7438,5.0
1152639,8368,5.0
1152639,8636,3.5
1152639,8665,4.5
1152639,8961,5.0
1152639,32587,3.5
1152639,35836,4.5
1152639,48385,4.0
1152918,7,3.0
1152918,16,2.0
1152918,104,2.0
1152918,151,3.0
1152918,337,2.5
1152918,553,3.0
1152918,1101,4.0
1152918,1225,4.0
1152918,1246,5.0
1152918,1304,4.0
1152918,1517,1.0
1152918,1917,4.0
1152918,2012,3.5
1152918,3114,3.0
1152918,3793,3.0
1152918,3897,2.0
1152918,5952,5.0
1152918,33493,2.5
1152918,33794,4.0
1157173,1,4.0
1157173,7,4.5
1157173,44,2.5
1157173,48,3.0
1157173,150,4.5
1157173,260,4.5
1157173,316,4.0
1157173,317,3.5
1157173,339,4.0
1157173,349,4.5
1157173,364,3.5
1157173,368,5.0
1157173,440,4.5
1157173,457,4.0
1157173,480,3.5
1157173,543,3.5
1157173,552,4.0
1157173,588,4.0
1157173,595,3.5
1157173,648,3.5
1157173,736,4.0
1157173,745,4.5
1157173,780,3.5
1157173,899,4.5
1157173,912,4.5
1157173,953,4.0
1157173,1028,4.0
1157173,1035,4.0
1157173,1073,3.5
1157173,1101,4.0
1157173,1127,4.0
1157173,1148,5.0
1157173,1196,4.5
1157173,1197,5.0
1157173,1198,5.0
1157173,1210,5.0
1157173,1265,3.5
1157173,1270,3.5
1157173,1291,5.0
1157173,1356,4.0
1157173,1372,4.5
1157173,1374,3.5
1157173,1375,3.5
1157173,1376,4.5
1157173,1380,3.0
1157173,1396,4.5
1157173,1584,3.0
1157173,1610,5.0
1157173,1682,4.0
1157173,1777,4.0
1157173,2006,4.0
1157173,2054,3.0
1157173,2081,3.5
1157173,2355,4.5
1157173,2617,4.0
1157173,2628,4.0
1157173,2918,4.5
1157173,3033,3.5
1157173,3175,4.0
1157173,3623,2.5
1157173,3793,4.5
1157173,4025,4.5
1157173,4306,4.0
1157173,4886,4.0
1157173,4896,3.5
1157173,4963,5.0
1157173,4993,4.0
1157173,4995,3.0
1157173,5349,4.5
1157173,5378,2.5
1157173,5459,3.5
1157173,5816,4.0
1157173,5952,4.5
1157173,6333,4.5
1157173,6377,4.0
1157173,6378,4.5
1157173,6539,4.5
1157173,7153,4.5
1157173,8368,4.5
1157173,8636,4.5
1157173,8961,4.5
1157173,33493,2.5
1157173,40815,4.0
1160760,44,1.0
1160760,150,3.5
1160760,231,4.5
1160760,344,2.0
1160760,356,5.0
1160760,380,4.5
1160760,480,4.0
1160760,780,2.5
1160760,1625,4.0
1160760,2003,4.0
1160760,2321,4.0
1160760,2329,5.0
1160760,2858,5.0
1160760,2959,4.5
1160760,3052,4.0
1160760,3448,4.5
1160760,3948,5.0
1160760,4308,3.5
1160760,4995,3.5
1160760,5378,1.0
1160760,5418,2.5
1160760,5816,0.5
1160760,7153,1.5
1160760,8360,5.0
1167927,6,4.0
1167927,32,3.5
1167927,39,1.0
1167927,47,4.0
1167927,110,2.5
1167927,111,4.0
1167927,150,3.0
1167927,165,3.0
1167927,231,1.0
1167927,288,4.0
1167927,293,5.0
1167927,296,4.0
1167927,316,2.5
1167927,344,0.5
1167927,356,2.5
1167927,377,2.5
1167927,380,2.5
1167927,434,2.5
1167927,480,2.0
1167927,500,3.0
1167927,527,4.0
1167927,539,1.0
1167927,541,5.0
1167927,586,1.0
1167927,589,3.5
1167927,592,2.5
1167927,593,3.5
1167927,597,2.0
1167927,608,3.5
1167927,733,4.0
1167927,778,3.5
1167927,780,2.5
1167927,788,1.5
1167927,858,4.0
1167927,903,3.5
1167927,1036,4.0
1167927,1089,4.0
1167927,1097,2.5
1167927,1101,3.5
1167927,1193,4.5
1167927,1198,3.5
1167927,1200,4.0
1167927,1201,3.5
1167927,1206,3.5
1167927,1208,4.5
1167927,1214,4.0
1167927,1219,4.0
1167927,1220,2.5
1167927,1221,4.0
1167927,1222,4.0
1167927,1233,4.5
1167927,1240,3.0
1167927,1250,3.5
1167927,1252,4.5
1167927,1258,4.5
1167927,1263,4.0
1167927,1270,2.5
1167927,1288,2.5
1167927,1291,3.5
1167927,1387,3.5
1167927,1527,3.5
1167927,1580,1.5
1167927,1917,1.5
1167927,1923,2.0
1167927,1968,4.0
1167927,1997,4.5
1167927,2028,4.5
1167927,2115,3.5
1167927,2174,1.0
1167927,2291,1.5
1167927,2329,4.5
1167927,2571,3.5
1167927,2683,1.0
1167927,2692,3.5
1167927,2699,3.0
1167927,2700,3.0
1167927,2706,1.0
1167927,2710,3.5
1167927,2712,2.5
1167927,2716,1.5
1167927,2762,3.0
1167927,2791,2.5
1167927,2858,3.0
1167927,2918,4.0
1167927,2959,4.0
1167927,3000,3.0
1167927,3418,2.5
1167927,3481,3.0
1167927,3578,3.0
1167927,3623,3.0
1167927,3948,3.0
1167927,3949,2.5
1167927,3996,2.5
1167927,4034,3.0
1167927,4246,1.5
1167927,4262,5.0
1167927,5010,4.0
1167927,5418,2.0
1167927,6016,3.5
1167927,6502,3.5
1167927,6863,1.5
1167927,6874,3.5
1167927,7361,2.5
1167927,7438,3.5
1167927,32587,3.0
1167927,44191,2.5
1175691,2571,5.0
1175691,2858,5.0
1175691,2959,5.0
1175691,4878,5.0
1175691,5618,5.0
1178235,2407,3.0
1181392,153,3.5
1181392,165,2.5
1181392,260,4.0
1181392,296,4.0
1181392,353,3.5
1181392,480,4.0
1181392,541,4.0
1181392,589,4.5
1181392,592,4.0
1181392,593,4.0
1181392,858,4.0
1181392,1036,4.0
1181392,1089,4.0
1181392,1127,4.0
1181392,1196,4.5
1181392,1198,4.5
1181392,1200,4.5
1181392,1201,4.0
1181392,1210,4.0
1181392,1214,3.5
1181392,1221,4.5
1181392,1222,2.5
1181392,1240,4.0
1181392,1270,3.5
1181392,1291,4.0
1181392,1320,2.0
1181392,1370,3.5
1181392,1377,4.0
1181392,1544,3.5
1181392,1690,2.0
1181392,1729,3.5
1181392,1732,3.0
1181392,2011,4.0
1181392,2012,3.5
1181392,2023,4.0
1181392,2115,3.5
1181392,2167,3.5
1181392,2529,4.0
1181392,2571,4.5
1181392,2617,3.5
1181392,2628,2.5
1181392,2640,4.0
1181392,2959,4.0
1181392,3471,3.0
1181392,3527,4.0
1181392,3793,3.5
1181392,4896,2.0
1181392,4993,4.5
1181392,5349,3.5
1181392,5378,3.5
1181392,5418,4.0
1181392,5816,4.0
1181392,5952,3.5
1181392,6333,4.0
1181392,6365,3.5
1181392,6539,4.0
1181392,6874,4.0
1181392,6934,3.5
1181392,7153,4.0
1181392,7438,3.5
1181392,8368,4.5
1181392,8636,4.0
1181392,8665,4.0
1181392,33493,4.0
1181392,33679,3.5
1181392,33794,4.5
1181392,40815,3.5
1181392,44191,3.5
1181392,45722,3.5
1181392,48516,4.0
1181392,48780,3.5
1181392,49272,4.0
1181392,54001,3.0
1181392,54286,3.5
1181392,55820,4.5
1181392,56174,3.5
1181392,59315,4.5
1182670,44191,3.5
1182670,48516,4.0
1182670,48774,4.0
1182670,48780,3.5
1182670,49272,4.0
1182765,158,2.5
1182765,168,3.0
1182765,376,3.5
1182765,485,2.5
1182765,596,1.5
1182765,1233,3.0
1182765,1376,3.5
1182765,1909,2.5
1185939,50,5.0
1185939,318,5.0
1185939,527,4.5
1185939,858,4.5
1185939,4720,5.0
1185939,5679,5.0
1185939,6502,5.0
1185939,7143,4.5
1185939,56174,3.5
1192226,318,5.0
1192226,527,5.0
1192226,2268,4.5
1192226,4995,4.5
1192226,5995,5.0
1192226,30707,4.5
1192226,48516,4.5
1192226,58559,5.0
1192226,63082,1.0
1199547,1,4.5
1199547,19,5.0
1199547,32,4.0
1199547,47,4.5
1199547,318,5.0
1199547,344,5.0
1199547,356,4.0
1199547,364,4.5
1199547,480,4.5
1199547,527,4.5
1199547,589,4.0
1199547,593,4.5
1199547,648,4.5
1199547,780,4.5
1199547,858,2.0
1199547,924,2.5
1199547,1221,2.0
1199547,1240,4.0
1199547,1270,4.5
1199547,1580,2.5
1199547,1682,5.0
1199547,1721,5.0
1199547,1917,4.5
1199547,2028,4.5
1199547,2329,4.5
1199547,2571,5.0
1199547,2628,4.5
1199547,2706,4.5
1199547,2959,4.5
1199547,3147,3.5
1199547,3578,5.0
1199547,3793,4.5
1199547,4306,4.5
1199547,4993,4.5
1199547,5349,4.5
1199547,5378,4.5
1199547,5418,5.0
1199547,5952,4.5
1199547,5989,5.0
1199547,6365,4.5
1199547,6502,4.5
1199547,6934,4.5
1199547,7153,4.5
1199547,8636,4.0
1199547,8665,4.5
1199547,8961,4.5
1199547,33493,4.5
1199547,33794,4.5
1199547,44191,4.0
1199547,48780,5.0
1199547,54286,5.0
1199547,56174,5.0
1199547,58559,5.0
1199547,59315,4.5
1199547,60069,5.0
1199547,68358,4.5
1199547,69122,4.5
1199547,72998,5.0
1199719,196,1.0
1199719,466,2.5
1199719,485,4.0
1199719,494,3.0
1199719,913,3.5
1199719,1204,4.0
1199719,1215,3.0
1199719,1234,3.0
1199719,1376,2.5
1199719,1639,0.5
1199719,1673,4.5
1199719,2100,2.5
1199719,2302,4.0
1199719,2406,4.0
1199719,2657,1.5
1199719,2890,4.5
1199719,5060,3.5
1199719,8360,3.0
1204343,50,3.5
1204343,196,3.5
1204343,318,5.0
1204343,480,4.0
1204343,485,1.0
1204343,589,4.5
1204343,597,3.5
1204343,1917,3.5
1204343,2353,4.0
1204343,2706,3.0
1204343,3147,4.5
1204343,3527,4.5
1204343,3578,4.0
1204343,4018,3.5
1204343,4022,4.0
1204343,4963,4.0
1204343,4995,4.5
1204343,5679,3.5
1204343,7254,3.0
1204343,51662,4.0
1204343,58559,4.5
1204343,59315,4.0
1204343,69122,4.5
1204343,72998,4.5
1204478,163,2.5
1204478,296,5.0
1204478,924,4.0
1204478,1028,3.5
1204478,1214,3.5
1204478,2329,4.0
1204478,3897,4.0
1204478,72998,4.5
1204478,76093,5.0
1205162,1242,3.0
1205162,2294,3.5
1207360,110,3.5
1207360,344,3.5
1207360,480,3.5
1207360,589,3.5
1207360,1721,4.0
1207360,2028,5.0
1207360,3147,4.0
1207360,3793,3.5
1207360,4995,4.0
1207360,5418,3.5
1207360,6539,3.0
1207360,8665,3.5
1207360,58559,5.0
1207360,59315,1.5
1207360,68358,4.0
1207360,69122,3.5
1207360,71535,3.5
1207360,72998,3.0
1207360,73017,4.0
1207360,74458,4.0
1207360,76093,4.0
1207360,79132,4.0
1209691,913,3.0
1209691,1028,3.0
1209691,1282,3.0
1209691,68954,3.5
1209691,79132,3.5
1213272,47,4.5
1213272,110,5.0
1213272,161,4.5
1213272,208,4.0
1213272,318,5.0
1213272,356,4.5
1213272,553,5.0
1213272,589,5.0
1213272,1222,5.0
1213272,1259,5.0
1213272,1682,4.0
1213272,1954,4.0
1213272,2028,5.0
1213272,2329,4.5
1213272,2502,4.5
1213272,2571,4.0
1213272,2959,4.5
1213272,4963,4.5
1213272,4993,4.5
1213272,5952,5.0
1213272,6502,4.0
1213272,7147,4.5
1213272,7153,4.5
1213272,32587,4.0
1213272,35836,4.5
1213272,48516,5.0
1213272,51662,4.5
1213272,56174,3.5
1213272,58559,3.5
1213272,64614,4.5
1213272,69122,3.5
1213272,70286,3.5
1213272,71535,4.0
1213272,72998,4.5
1213272,74458,4.5
1214631,47,5.0
1214631,593,5.0
1214631,1215,4.0
1214631,2959,5.0
1214631,4226,5.0
1214631,6502,5.0
1214631,8874,5.0
1214631,48780,3.5
1214631,71535,4.0
1216415,3671,5.0
1216415,3755,5.0
1218331,344,3.5
1218331,500,3.5
1218331,586,4.0
1218331,902,4.0
1218331,1028,4.5
1218331,1197,3.5
1218331,2080,3.5
1218331,2572,5.0
1218331,4014,3.0
1218331,4306,4.5
1218331,4886,4.5
1218331,4896,4.0
1218331,4963,3.5
1218331,6377,5.0
1218331,6863,3.5
1218331,6942,4.0
1218331,8368,4.0
1218331,45722,5.0
1218331,50872,5.0
1218331,51662,3.0
1218331,60069,4.5
1218331,63082,4.5
1218331,68954,5.0
1218331,69844,4.5
1218331,72998,5.0
1218331,76093,5.0
1218331,81834,4.0
1220601,4878,4.5
1222508,4018,4.0
1223208,296,5.0
1223208,318,5.0
1223208,356,5.0
1223208,899,5.0
1223208,1291,3.5
1223208,1747,4.0
1223208,2028,3.0
1223208,2571,5.0
1223208,2890,4.0
1223208,2959,3.0
1223208,3147,3.5
1223208,3578,5.0
1223208,4011,4.0
1223208,4993,5.0
1223208,5418,5.0
1223208,5952,5.0
1223208,5989,3.0
1223208,6016,3.0
1223208,6539,4.0
1223208,7143,5.0
1223208,7153,5.0
1223208,7438,4.0
1223208,8665,5.0
1223208,8961,5.0
1223208,32587,4.0
1223208,33794,4.0
1223208,44191,3.5
1223208,49272,4.0
1223208,50872,4.0
1223208,51255,3.0
1223208,51662,4.0
1223208,54286,5.0
1223208,55820,3.0
1223208,58559,5.0
1223208,59315,4.0
1223208,68157,3.0
1223208,68358,4.0
1223208,68954,3.5
1223208,71535,4.0
1223208,73017,4.5
1223208,76093,4.0
1223208,78499,3.0
1223208,79132,5.0
1227641,44,1.5
1227641,333,0.5
1227641,1088,0.5
1227641,1275,1.0
1227641,2424,1.0
1227641,3033,1.5
1229897,16,4.5
1229897,32,5.0
1229897,104,4.0
1229897,110,4.0
1229897,111,4.0
1229897,150,2.0
1229897,231,4.0
1229897,296,4.5
1229897,318,5.0
1229897,356,2.0
1229897,364,4.0
1229897,377,4.0
1229897,480,4.0
1229897,527,5.0
1229897,587,4.5
1229897,589,4.5
1229897,593,4.5
1229897,595,5.0
1229897,608,4.5
1229897,628,4.5
1229897,736,2.0
1229897,785,4.5
1229897,904,5.0
1229897,919,5.0
1229897,923,5.0
1229897,1073,5.0
1229897,1097,4.5
1229897,1197,5.0
1229897,1198,4.5
1229897,1203,4.5
1229897,1206,5.0
1229897,1213,4.5
1229897,1242,5.0
1229897,1259,4.0
1229897,1263,4.0
1229897,1270,4.5
1229897,1285,4.0
1229897,1704,2.0
1229897,1777,4.0
1229897,2005,4.5
1229897,2011,4.5
1229897,2028,2.0
1229897,2273,3.5
1229897,2291,5.0
1229897,2395,4.0
1229897,2424,2.5
1229897,2502,4.0
1229897,2529,4.5
1229897,2571,4.0
1229897,2716,4.0
1229897,2762,4.5
1229897,2797,4.0
1229897,2804,5.0
1229897,2959,4.5
1229897,2997,4.5
1229897,3160,5.0
1229897,3578,2.0
1229897,3948,4.0
1229897,3996,4.0
1229897,4022,2.5
1229897,4226,4.5
1229897,4878,4.0
1229897,5445,4.5
1229897,5502,2.0
1229897,5669,4.0
1229897,5989,4.0
1229897,6016,4.5
1229897,6874,4.5
1229897,7361,4.5
1229897,7438,4.0
1229897,46578,4.0
1229897,48516,4.5
1229897,55820,4.5
1229897,63082,4.5
1229897,68157,4.5
1229897,79132,4.0
1230190,1377,1.0
1230190,2023,5.0
1230190,3755,0.5
1231844,50,4.0
1231844,296,3.5
1231844,858,4.5
1231844,912,5.0
1231844,1193,4.5
1231844,1197,5.0
1231844,1213,3.5
1231844,1221,4.0
1231844,2324,5.0
1231844,2329,4.5
1231844,2858,4.0
1231844,4973,3.0
1231844,58559,3.0
1231905,55820,1.0
1231905,81591,2.5
1233663,2294,3.0
1233663,2572,3.0
1233663,4025,3.0
1233919,1,3.5
1233919,2,3.5
1233919,110,3.5
1233919,253,4.0
1233919,288,2.0
1233919,296,5.0
1233919,337,4.0
1233919,377,4.0
1233919,434,2.5
1233919,454,3.5
1233919,480,3.0
1233919,500,3.5
1233919,527,4.0
1233919,539,3.5
1233919,551,4.0
1233919,587,3.5
1233919,589,2.0
1233919,593,4.0
1233919,595,3.0
1233919,597,3.5
1233919,648,3.0
1233919,778,4.0
1233919,858,5.0
1233919,902,4.0
1233919,1035,4.5
1233919,1101,4.0
1233919,1220,4.0
1233919,1221,4.5
1233919,1230,4.0
1233919,1246,4.0
1233919,1247,3.0
1233919,1307,4.0
1233919,1333,4.0
1233919,1380,4.0
1233919,1682,3.5
1233919,1704,4.5
1233919,1721,3.5
1233919,1732,3.0
1233919,1923,3.0
1233919,1954,3.0
1233919,2028,2.5
1233919,2054,2.5
1233919,2273,2.0
1233919,2329,4.0
1233919,2396,3.5
1233919,2424,4.0
1233919,2571,4.0
1233919,2628,3.5
1233919,2692,4.0
1233919,2762,3.5
1233919,2959,4.0
1233919,3000,5.0
1233919,3147,4.0
1233919,3949,3.5
1233919,4018,3.5
1233919,4306,4.0
1233919,4308,3.0
1233919,4878,3.5
1233919,4886,3.5
1233919,4896,4.0
1233919,4963,4.0
1233919,4973,3.5
1233919,4993,5.0
1233919,4995,4.0
1233919,5378,3.5
1233919,5618,3.5
1233919,5816,4.0
1233919,5952,5.0
1233919,5989,3.0
1233919,5995,4.5
1233919,6365,2.5
1233919,6377,3.0
1233919,6378,4.0
1233919,6539,3.0
1233919,6711,2.5
1233919,7147,4.0
1233919,7153,5.0
1233919,8360,3.5
1233919,8368,3.5
1233919,32587,3.5
1233919,33679,3.0
1233919,33794,3.0
1233919,40815,3.5
1233919,48394,4.0
1233919,51662,3.0
1233919,54001,4.0
1233919,56367,4.5
1233919,58559,4.0
1233919,60069,2.0
1233919,63082,4.0
1233919,74458,3.5
1233919,76093,3.0
1233919,91500,3.5
1237057,1263,4.5
1237057,91529,4.0
1238346,1372,1.5
1238346,1377,3.5
1238346,2023,4.0
1238346,2100,4.0
1238346,3101,4.0
1245485,16,4.0
1245485,25,4.0
1245485,32,4.0
1245485,47,4.0
1245485,50,5.0
1245485,111,4.0
1245485,296,5.0
1245485,318,4.5
1245485,337,4.0
1245485,527,5.0
1245485,541,4.0
1245485,555,4.0
1245485,593,4.0
1245485,608,4.5
1245485,778,4.5
1245485,858,5.0
1245485,903,5.0
1245485,904,5.0
1245485,923,5.0
1245485,924,4.0
1245485,1036,1.0
1245485,1080,5.0
1245485,1089,5.0
1245485,1090,5.0
1245485,1136,5.0
1245485,1199,4.0
1245485,1201,4.5
1245485,1206,5.0
1245485,1207,4.5
1245485,1208,5.0
1245485,1213,4.0
1245485,1222,5.0
1245485,1247,4.5
1245485,1258,5.0
1245485,1259,4.5
1245485,1265,5.0
1245485,1276,4.5
1245485,1333,5.0
1245485,1358,4.0
1245485,1653,3.5
1245485,1682,4.5
1245485,1729,4.0
1245485,1784,4.0
1245485,2028,5.0
1245485,2291,5.0
1245485,2329,3.5
1245485,2502,5.0
1245485,2762,3.5
1245485,2858,4.5
1245485,2959,4.5
1245485,2997,4.0
1245485,3949,4.5
1245485,4226,4.0
1245485,4262,4.0
1245485,4848,4.5
1245485,4995,4.0
1245485,5995,5.0
1245485,6016,4.0
1245485,6502,4.5
1245485,6711,4.5
1245485,7361,5.0
1245485,30707,3.0
1245485,55820,5.0
1245485,81591,4.0
1246515,318,4.5
1246515,1089,4.0
1246515,1213,3.5
1246515,1259,3.5
1246515,2324,4.0
1246515,2959,4.0
1246515,3578,4.0
1246515,4306,3.0
1246515,4878,4.0
1246515,4886,3.0
1246515,5989,4.5
1246515,6539,3.5
1246515,7147,3.5
1246515,8961,3.5
1246515,48394,4.0
1246515,48780,4.0
1246515,58559,4.0
1246515,63082,3.5
1246515,64614,3.5
1246515,68157,4.0
1246515,69122,3.5
1246515,72998,3.5
1246515,73017,3.5
1246515,79132,4.5
1246515,80463,3.5
1246515,81591,3.5
1246515,81845,3.5
1246515,89745,3.5
1246515,92259,4.0
1246515,99114,4.0
1248603,260,4.0
1248603,1136,4.0
1248603,1196,4.0
1248603,1197,4.5
1248603,2324,4.5
1248603,91500,4.0
1253752,1,5.0
1253752,47,5.0
1253752,50,5.0
1253752,150,4.0
1253752,260,3.5
1253752,296,4.5
1253752,318,5.0
1253752,356,3.5
1253752,527,5.0
1253752,593,5.0
1253752,858,1.0
1253752,904,3.5
1253752,1193,3.0
1253752,1214,2.0
1253752,1221,1.0
1253752,1234,5.0
1253752,1704,5.0
1253752,1961,2.0
1253752,2028,4.0
1253752,2324,4.5
1253752,2571,5.0
1253752,2762,5.0
1253752,2959,5.0
1253752,3578,4.0
1253752,3996,4.0
1253752,4034,4.0
1253752,4226,5.0
1253752,4993,4.0
1253752,6016,3.0
1253752,7153,3.5
1253752,7361,5.0
1253752,48516,5.0
1253752,54286,4.0
1253752,56367,4.5
1253752,59315,2.5
1253752,68157,4.0
1253752,71535,4.0
1253752,72998,3.0
1253752,79132,5.0
1253752,81845,3.0
1253752,99114,3.5
1259356,50,4.0
1259356,318,4.0
1259356,527,3.5
1259356,750,5.0
1259356,904,4.0
1259356,908,4.0
1259356,1193,4.0
1259356,1198,3.0
1259356,1203,5.0
1259356,2571,4.0
1259356,2858,4.0
1259356,2959,5.0
1259356,4226,5.0
1259356,4973,4.0
1259356,5618,5.0
1259356,5952,4.0
1259356,6016,5.0
1259356,58559,4.0
1259356,68954,5.0
1259356,79132,5.0
1259356,81845,4.0
1259356,99114,3.0
1259356,109487,3.0
1259356,116797,5.0
1260633,1,3.5
1260633,50,3.0
1260633,260,3.0
1260633,318,4.5
1260633,356,4.0
1260633,480,2.0
1260633,527,3.5
1260633,593,3.0
1260633,1196,3.0
1260633,1198,3.5
1260633,1270,3.5
1260633,1291,3.5
1260633,2571,4.0
1260633,50872,4.0
1261754,480,3.0
1261754,1704,5.0
1261754,4896,4.0
1261754,8368,3.0
1261754,40815,4.5
1261754,58559,5.0
1261754,59315,4.5
1261754,69844,4.0
1261754,80463,5.0
1261754,89745,4.5
1261754,91529,4.0
1261754,106782,2.5
1261754,109487,5.0
1262667,1,3.5
1262667,32,3.0
1262667,110,3.0
1262667,141,3.0
1262667,150,3.5
1262667,260,2.0
1262667,356,4.0
1262667,480,3.0
1262667,527,5.0
1262667,593,4.0
1262667,953,3.0
1262667,1270,1.0
1262667,1391,2.5
1262667,1485,3.0
1262667,1682,3.5
1262667,1704,4.0
1262667,1961,3.5
1262667,2502,2.5
1262667,2571,2.0
1262667,2762,3.5
1262667,2858,5.0
1262667,3000,4.0
1262667,3147,4.0
1262667,3408,3.5
1262667,3578,2.0
1262667,3751,1.0
1262667,3753,3.0
1262667,3793,2.5
1262667,3948,2.0
1262667,3949,5.0
1262667,3977,2.0
1262667,4018,2.0
1262667,4022,4.0
1262667,4025,2.5
1262667,4027,2.5
1262667,4306,2.5
1262667,4447,2.5
1262667,4720,2.0
1262667,4878,5.0
1262667,4886,3.0
1262667,4896,2.5
1262667,4963,3.0
1262667,4973,5.0
1262667,4993,2.5
1262667,4995,5.0
1262667,5218,2.0
1262667,5299,1.5
1262667,5349,2.0
1262667,5378,0.5
1262667,5459,2.0
1262667,5502,3.0
1262667,5679,3.0
1262667,5816,3.0
1262667,5952,2.5
1262667,5989,5.0
1262667,6333,3.0
1262667,6365,0.5
1262667,6373,2.0
1262667,6377,4.0
1262667,6539,3.0
1262667,6874,4.0
1262667,7147,2.0
1262667,7153,2.5
1262667,7254,2.5
1262667,7361,4.0
1262667,7438,4.0
1262667,8360,2.5
1262667,8368,2.5
1262667,8644,3.0
1262667,8874,2.5
1262667,8961,1.0
1262667,32587,3.0
1262667,33794,2.5
1262667,35836,4.0
1262667,40815,2.5
1262667,44191,2.0
1262667,45722,2.5
1262667,46578,4.5
1262667,48394,4.5
1262667,48774,3.0
1262667,50872,1.0
1262667,56174,2.0
1262667,56367,3.5
1262667,58559,3.5
1262667,68157,0.5
1262667,69122,3.0
1262667,72998,1.5
1262667,76093,3.0
1262667,78499,4.0
1262667,79132,5.0
1262667,80463,1.0
1262667,91529,3.0
1262667,99114,2.0
1266303,1,4.0
1266303,293,4.0
1266303,356,3.5
1266303,593,3.5
1266303,904,4.5
1266303,1028,4.0
1266303,1222,3.5
1266303,1258,3.5
1266303,1259,4.0
1266303,1270,3.0
1266303,1282,4.0
1266303,1380,0.5
1266303,1721,1.0
1266303,2571,0.5
1266303,3949,3.5
1266303,4973,4.5
1266303,5618,4.0
1266303,7147,3.5
1266303,7254,3.0
1266303,92259,4.0
1267224,1,5.0
1267224,47,4.0
1267224,50,4.0
1267224,150,5.0
1267224,260,5.0
1267224,296,4.5
1267224,318,5.0
1267224,356,5.0
1267224,364,4.0
1267224,480,4.5
1267224,593,4.5
1267224,953,4.5
1267224,1036,4.5
1267224,1196,4.0
1267224,1197,4.5
1267224,1198,5.0
1267224,1210,4.0
1267224,1213,4.5
1267224,1270,5.0
1267224,1291,3.5
1267224,1610,4.5
1267224,1704,4.5
1267224,1961,4.5
1267224,2028,5.0
1267224,2324,5.0
1267224,2502,4.5
1267224,2571,3.5
1267224,2762,4.0
1267224,2858,5.0
1267224,2959,4.0
1267224,3147,5.0
1267224,50872,4.0
1267224,78499,5.0
1270405,318,4.5
1270405,527,3.5
1270405,778,5.0
1270405,1036,3.0
1270405,2324,4.0
1270405,2329,4.5
1270405,2571,3.0
1270405,2710,1.5
1270405,2858,4.5
1270405,2959,5.0
1270405,3147,4.0
1270405,3949,5.0
1270405,4011,4.0
1270405,4226,4.0
1270405,4973,4.5
1270405,4993,4.5
1270405,7153,4.5
1270405,7438,4.0
1270405,44191,4.0
1270405,54001,2.5
1270405,58559,4.5
1270405,74458,3.0
1270405,91529,5.0
1270405,92259,4.5
1270405,99114,4.0
1270405,109487,3.0
1270405,116797,4.5
1272893,32,4.5
1272893,47,5.0
1272893,50,5.0
1272893,111,4.0
1272893,293,5.0
1272893,296,5.0
1272893,318,4.0
1272893,356,2.0
1272893,589,3.5
1272893,593,4.5
1272893,608,4.5
1272893,778,5.0
1272893,858,3.0
1272893,1080,1.5
1272893,1089,4.0
1272893,1206,3.5
1272893,1258,4.0
1272893,1704,3.5
1272893,1732,4.5
1272893,2329,3.0
1272893,2571,4.5
1272893,2692,3.5
1272893,2762,5.0
1272893,2959,4.5
1272893,2997,4.0
1272893,3147,3.5
1272893,3623,3.5
1272893,3793,2.0
1272893,4011,4.5
1272893,4226,4.5
1272893,4963,4.0
1272893,4993,2.5
1272893,5349,0.5
1272893,5418,3.5
1272893,5445,3.5
1272893,5952,2.5
1272893,6874,4.5
1272893,7153,2.5
1272893,7438,4.5
1272893,8665,3.5
1272893,8874,3.0
1272893,32587,5.0
1272893,44191,4.0
1272893,48516,4.0
1272893,54286,4.0
1272893,55820,5.0
1272893,58559,4.5
1272893,60069,3.0
1272893,68157,3.5
1272893,68954,2.0
1272893,70286,2.5
1272893,79132,4.0
1272893,81591,2.0
1272893,91529,4.5
1272893,99114,3.5
1272893,109487,3.5
1272893,116797,3.5
1275730,1,4.5
1275730,32,4.0
1275730,50,5.0
1275730,110,1.5
1275730,111,4.0
1275730,260,4.5
1275730,293,2.0
1275730,296,5.0
1275730,318,3.5
1275730,541,5.0
1275730,593,4.0
1275730,595,2.5
1275730,608,5.0
1275730,745,4.0
1275730,750,4.5
1275730,778,5.0
1275730,1196,5.0
1275730,1198,4.0
1275730,2571,4.5
1275730,2762,4.0
1275730,2959,3.5
1275730,3000,4.0
1275730,3114,4.0
1275730,3147,3.5
1275730,3578,4.5
1275730,3751,3.5
1275730,3949,4.0
1275730,3977,2.0
1275730,3996,3.5
1275730,4011,5.0
1275730,4025,2.0
1275730,4027,3.5
1275730,4034,4.0
1275730,4226,4.0
1275730,4246,3.0
1275730,4262,4.5
1275730,4306,4.0
1275730,4878,3.5
1275730,4886,4.5
1275730,4963,5.0
1275730,4973,2.0
1275730,4979,3.5
1275730,4993,5.0
1275730,4995,3.0
1275730,5218,3.5
1275730,5349,3.5
1275730,5378,4.0
1275730,5418,3.0
1275730,5445,4.5
1275730,5669,4.0
1275730,5952,5.0
1275730,5989,4.5
1275730,5995,4.0
1275730,6016,3.5
1275730,6365,3.5
1275730,6377,3.0
1275730,6502,2.5
1275730,6539,3.5
1275730,6874,5.0
1275730,6934,3.5
1275730,6942,3.0
1275730,7153,5.0
1275730,7361,3.5
1275730,7438,4.5
1275730,8636,3.5
1275730,8874,4.5
1275730,8961,3.0
1275730,32587,4.0
1275730,33493,3.5
1275730,33679,1.5
1275730,33794,3.5
1275730,44191,4.0
1275730,45722,3.5
1275730,46578,5.0
1275730,48516,4.5
1275730,48774,4.0
1275730,50872,4.0
1275730,51662,3.5
1275730,54286,3.5
1275730,55820,5.0
1275730,58559,4.5
1275730,60069,2.5
1275730,63082,3.0
1275730,64614,3.0
1275730,68157,4.0
1275730,68954,3.5
1275730,69122,4.5
1275730,78499,3.5
1275730,79132,3.5
1275730,80463,3.0
1275730,81591,3.5
1275730,91500,3.5
1275730,91529,4.0
1275730,92259,4.5
1275730,99114,5.0
1275904,1,3.5
1275904,2,3.0
1275904,11,3.5
1275904,17,1.5
1275904,19,2.5
1275904,34,3.0
1275904,39,3.5
1275904,110,1.0
1275904,141,3.5
1275904,223,3.0
1275904,231,2.5
1275904,260,5.0
1275904,266,3.0
1275904,316,2.0
1275904,317,3.0
1275904,318,2.5
1275904,337,1.5
1275904,339,2.5
1275904,344,3.0
1275904,349,2.0
1275904,364,2.5
1275904,367,3.5
1275904,380,4.0
1275904,410,4.0
1275904,480,1.5
1275904,500,4.5
1275904,539,2.5
1275904,551,3.0
1275904,553,4.0
1275904,588,3.0
1275904,590,4.5
1275904,592,5.0
1275904,594,3.0
1275904,595,3.0
1275904,597,3.0
1275904,648,2.5
1275904,653,3.0
1275904,733,2.0
1275904,736,3.0
1275904,780,4.0
1275904,788,2.5
1275904,858,4.0
1275904,910,3.0
1275904,919,2.5
1275904,920,3.5
1275904,1036,3.0
1275904,1073,4.0
1275904,1097,4.0
1275904,1101,2.5
1275904,1136,4.0
1275904,1193,3.0
1275904,1196,5.0
1275904,1197,4.0
1275904,1198,4.5
1275904,1207,1.5
1275904,1210,5.0
1275904,1234,3.0
1275904,1240,4.0
1275904,1259,2.5
1275904,1265,2.0
1275904,1270,3.5
1275904,1278,4.0
1275904,1291,4.0
1275904,1304,3.5
1275904,1374,2.0
1275904,1380,4.0
1275904,1485,3.0
1275904,1517,2.5
1275904,1527,3.0
1275904,1580,3.0
1275904,1645,2.0
1275904,1682,2.0
1275904,1721,1.5
1275904,1909,1.0
1275904,1917,1.5
1275904,1968,2.5
1275904,2000,3.0
1275904,2011,2.0
1275904,2012,2.0
1275904,2054,2.5
1275904,2115,4.0
1275904,2174,2.5
1275904,2291,3.0
1275904,2329,1.5
1275904,2355,3.0
1275904,2396,4.0
1275904,2502,2.5
1275904,2542,3.5
1275904,2571,0.5
1275904,2572,2.5
1275904,2617,2.0
1275904,2628,3.0
1275904,2657,4.0
1275904,2683,3.5
1275904,2706,2.5
1275904,2797,3.0
1275904,2918,2.0
1275904,2959,1.0
1275904,2987,3.5
1275904,3033,2.5
1275904,3052,2.5
1275904,3114,3.0
1275904,3147,4.0
1275904,3421,3.5
1275904,3578,3.5
1275904,3671,3.5
1275904,3751,2.0
1275904,3793,3.0
1275904,3948,3.5
1275904,3977,2.5
1275904,4022,1.5
1275904,4027,2.5
1275904,4306,5.0
1275904,4896,3.5
1275904,4963,2.0
1275904,4993,3.0
1275904,4995,1.5
1275904,5060,5.0
1275904,5349,0.5
1275904,5378,2.0
1275904,5418,2.5
1275904,5816,3.0
1275904,5952,2.0
1275904,6333,3.5
1275904,6365,1.0
1275904,6874,2.0
1275904,7153,3.0
1275904,7361,1.5
1275904,7438,3.0
1275904,8360,3.0
1275904,8636,1.0
1275904,8961,3.5
1275904,59315,1.5
1275904,60069,3.0
1279527,1,4.0
1279527,2,5.0
1279527,5,3.0
1279527,17,5.0
1279527,19,1.0
1279527,36,4.0
1279527,62,4.0
1279527,151,1.0
1279527,186,2.0
1279527,296,1.0
1279527,318,4.0
1279527,339,4.0
1279527,356,4.0
1279527,357,4.0
1279527,380,1.0
1279527,497,4.0
1279527,539,4.0
1279527,595,5.0
1279527,597,4.0
1279527,912,4.0
1279527,1073,5.0
1279527,1088,4.0
1279527,1097,5.0
1279527,1197,5.0
1279527,1198,4.0
1279527,1204,4.0
1279527,1207,4.0
1279527,1230,1.0
1279527,1246,5.0
1279527,1265,3.0
1279527,1270,3.0
1279527,1307,5.0
1279527,1517,1.0
1279527,1584,4.0
1279527,1641,4.0
1279527,1704,4.0
1279527,1721,4.0
1279527,1784,3.0
1279527,1961,4.0
1279527,2028,1.0
1279527,2081,4.0
1279527,2321,3.0
1279527,2324,4.0
1279527,2396,5.0
1279527,2407,4.0
1279527,2424,5.0
1279527,2571,3.0
1279527,2692,2.0
1279527,2797,4.0
1279527,2804,1.0
1279527,2918,4.0
1279527,2959,1.0
1279527,4014,5.0
1279527,4886,4.0
1279527,4973,3.0
1279527,5952,5.0
1279527,7147,3.0
1279527,7153,5.0
1279527,40815,5.0
1279527,46578,4.0
1279527,50872,4.0
1279527,56367,4.0
1279527,60069,4.0
1279527,68954,5.0
1279527,69844,5.0
1279527,74458,1.0
1279527,81834,5.0
1279527,81845,4.0
1281002,141,2.5
1281002,318,4.5
1281002,593,4.5
1281002,778,3.0
1281002,1197,2.5
1281002,1246,3.0
1281002,1704,3.5
1281002,1784,2.5
1281002,1917,1.0
1281002,2329,5.0
1281002,2762,3.0
1281002,2858,4.0
1281002,2959,5.0
1281002,3147,3.5
1281002,3949,4.5
1281002,4878,4.0
1281002,4973,4.5
1281002,4993,4.5
1281002,5952,4.0
1281002,6016,5.0
1281002,6377,3.5
1281002,6874,4.0
1281002,7153,4.5
1281002,7361,2.0
1281002,7438,5.0
1281002,8874,3.0
1281002,44191,3.0
1281002,46578,2.5
1281002,48394,5.0
1281002,48774,4.0
1281002,63082,3.0
1281002,68954,3.0
1281002,69844,4.5
1281002,81834,4.5
1281002,99114,3.0
1282889,318,5.0
1282889,527,4.5
1282889,1704,5.0
1282889,1784,4.0
1282889,2028,4.0
1282889,2324,5.0
1282889,2571,5.0
1282889,2959,5.0
1282889,92259,5.0
1285780,50,4.0
1285780,480,3.5
1285780,541,5.0
1285780,593,4.5
1285780,608,4.0
1285780,750,5.0
1285780,858,5.0
1285780,903,4.0
1285780,904,5.0
1285780,908,4.5
1285780,923,4.5
1285780,1090,2.0
1285780,1097,3.0
1285780,1193,4.5
1285780,1198,4.0
1285780,1199,4.5
1285780,1206,4.5
1285780,1208,4.5
1285780,1221,2.5
1285780,1222,4.5
1285780,1225,4.0
1285780,1233,4.5
1285780,1291,3.0
1285780,1387,4.5
1285780,1527,2.5
1285780,1584,3.5
1285780,1721,3.5
1285780,2019,4.5
1285780,2028,3.0
1285780,2273,4.5
1285780,2324,3.5
1285780,2542,4.0
1285780,2571,4.0
1285780,2712,4.0
1285780,2858,5.0
1285780,2959,3.5
1285780,3471,3.5
1285780,3578,4.0
1285780,3755,3.5
1285780,3949,4.0
1285780,4011,4.0
1285780,4022,3.5
1285780,4027,3.5
1285780,4034,4.0
1285780,4226,4.0
1285780,4308,3.0
1285780,4370,5.0
1285780,4848,4.5
1285780,4886,3.5
1285780,4963,4.5
1285780,4973,5.0
1285780,4995,4.0
1285780,5010,4.0
1285780,5218,3.5
1285780,5418,3.5
1285780,5618,4.0
1285780,5989,4.5
1285780,6016,4.5
1285780,6377,4.0
1285780,6539,2.5
1285780,6711,4.5
1285780,8961,4.0
1285780,48780,4.0
1285780,49272,4.0
1285780,51662,3.0
1285780,55820,4.5
1285780,59315,3.0
1285780,60069,2.5
1285780,68157,4.5
1285780,69122,3.0
1285780,81591,4.0
1285780,92259,4.5
1285780,116797,4.0
1286105,32,4.5
1286105,50,5.0
1286105,111,4.5
1286105,260,4.0
1286105,293,5.0
1286105,296,4.5
1286105,318,5.0
1286105,356,5.0
1286105,480,4.0
1286105,527,4.5
1286105,541,5.0
1286105,589,5.0
1286105,593,4.0
1286105,608,4.5
1286105,750,4.5
1286105,778,4.5
1286105,924,5.0
1286105,1036,5.0
1286105,1136,4.5
1286105,1193,5.0
1286105,1196,3.5
1286105,1198,4.5
1286105,1200,4.5
1286105,1210,4.5
1286105,1265,4.5
1286105,1291,4.5
1286105,1527,5.0
1286105,2028,4.5
1286105,2571,4.5
1286105,2858,4.5
1286105,2890,4.0
1286105,2918,5.0
1286105,2959,4.5
1286105,3578,3.5
1286105,3996,4.5
1286105,4011,4.5
1286105,4022,4.5
1286105,4027,4.5
1286105,4896,4.0
1286105,4973,5.0
1286105,4993,5.0
1286105,5445,4.0
1286105,5618,5.0
1286105,5816,4.0
1286105,5952,4.5
1286105,6377,4.0
1286105,6502,4.5
1286105,6539,3.0
1286105,7153,4.5
1286105,7254,4.0
1286105,7438,3.5
1286105,8368,4.0
1286105,40815,4.0
1286105,48780,4.5
1286105,51255,4.5
1286105,51662,3.5
1286105,54286,3.5
1286105,56174,2.5
1286105,58559,4.5
1286105,59315,3.5
1286105,60069,4.0
1286105,64614,4.5
1286105,68157,3.5
1286105,69844,4.0
1286105,70286,5.0
1286105,71535,4.0
1286105,72998,4.0
1286105,73017,4.5
1286105,74458,4.5
1286105,79132,4.5
1286105,81834,4.0
1286105,91529,4.5
1286105,99114,4.5
1286105,106782,4.5
1286105,109487,3.5
1286105,116797,5.0
1286105,134130,4.0
1287259,32,5.0
1287259,36,4.5
1287259,47,5.0
1287259,50,5.0
1287259,70,4.5
1287259,110,3.5
1287259,111,4.5
1287259,150,4.0
1287259,223,5.0
1287259,253,5.0
1287259,288,4.0
1287259,293,5.0
1287259,296,4.5
1287259,318,4.5
1287259,356,3.0
1287259,367,4.0
1287259,480,3.5
1287259,527,4.0
1287259,541,4.5
1287259,551,5.0
1287259,593,4.0
1287259,608,5.0
1287259,628,5.0
1287259,745,5.0
1287259,750,5.0
1287259,778,5.0
1287259,858,4.5
1287259,1073,4.0
1287259,1080,5.0
1287259,1089,4.0
1287259,1148,5.0
1287259,1206,5.0
1287259,1222,5.0
1287259,1580,3.5
1287259,1617,5.0
1287259,1625,4.5
1287259,1645,5.0
1287259,1653,4.0
1287259,1673,5.0
1287259,1682,3.5
1287259,1704,5.0
1287259,1721,3.0
1287259,2028,4.0
1287259,2174,4.0
1287259,2324,5.0
1287259,2329,4.5
1287259,2542,5.0
1287259,2571,3.5
1287259,2683,5.0
1287259,2692,4.5
1287259,2706,4.0
1287259,2710,4.5
1287259,2762,5.0
1287259,2858,3.5
1287259,2918,4.5
1287259,2959,4.5
1287259,2997,4.5
1287259,3052,5.0
1287259,3147,4.0
1287259,3253,4.5
1287259,3448,4.0
1287259,3578,4.5
1287259,3751,5.0
1287259,3949,4.5
1287259,4011,5.0
1287259,4014,5.0
1287259,4034,5.0
1287259,4226,4.5
1287259,4246,3.5
1287259,4308,4.5
1287259,4720,5.0
1287259,4878,5.0
1287259,4963,4.5
1287259,4973,5.0
1287259,4993,4.5
1287259,4995,5.0
1287259,5010,4.0
1287259,5418,3.5
1287259,5445,4.0
1287259,5669,4.0
1287259,5995,5.0
1287259,6377,4.5
1287259,6502,5.0
1287259,6711,4.5
1287259,6874,5.0
1287259,7254,3.0
1287259,7361,4.0
1287259,7438,4.5
1287259,8874,5.0
1287259,32587,5.0
1287259,44191,5.0
1287259,48385,5.0
1287259,48394,4.5
1287259,48516,5.0
1287259,48774,4.5
1287259,48780,5.0
1287259,51255,5.0
1287259,51662,4.5
1287259,55820,5.0
1287259,56174,4.5
1287259,68157,5.0
1287259,70286,5.0
1287259,76093,4.5
1287259,79132,2.5
1287259,91500,3.5
1287259,92259,5.0
1287259,99114,4.5
1287259,106782,3.5
1287259,109487,3.5
1287259,112852,2.5
1287259,116797,3.5
1287259,134130,4.5
1287278,904,5.0
1287278,908,5.0
1287278,924,5.0
1287278,1653,4.5
1287278,4973,5.0
1287278,4979,5.0
1287278,92259,0.5
1294403,39,4.5
1294403,377,3.0
1294403,597,3.5
1294403,1393,3.0
1294403,1704,5.0
1294403,1721,4.0
1294403,1923,4.5
1294403,2572,3.5
1294403,2617,3.5
1294403,2797,3.0
1294403,3948,3.0
1294403,5418,4.0
1294403,5445,3.5
1294403,7254,4.0
1294403,7438,4.0
1300545,50,4.0
1300545,253,3.5
1300545,260,4.5
1300545,296,3.5
1300545,318,1.5
1300545,480,5.0
1300545,586,5.0
1300545,589,4.0
1300545,593,5.0
1300545,1036,5.0
1300545,1196,5.0
1300545,1198,5.0
1300545,1200,4.0
1300545,1210,3.0
1300545,1214,5.0
1300545,1219,5.0
1300545,1258,5.0
1300545,1270,3.5
1300545,1291,3.5
1300545,1387,5.0
1300545,1997,3.5
1300545,2003,4.5
1300545,2167,3.5
1300545,2571,4.5
1300545,2959,4.0
1300545,6502,3.5
1300545,8874,4.0
1300545,33794,3.5
1300545,56174,2.0
1300545,58559,4.5
1300545,59315,3.5
1300545,60069,5.0
1300545,71535,3.5
1300545,79132,3.5
1300545,89745,3.5
1300545,109487,2.5
1300545,112852,3.5
1300545,134130,2.0
1311350,50,5.0
1311350,260,4.0
1311350,296,4.5
1311350,608,5.0
1311350,750,4.0
1311350,858,5.0
1311350,904,5.0
1311350,908,5.0
1311350,912,5.0
1311350,913,4.5
1311350,1079,4.0
1311350,1080,3.5
1311350,1089,4.0
1311350,1136,4.5
1311350,1193,5.0
1311350,1196,4.5
1311350,1197,4.5
1311350,1198,4.5
1311350,1207,5.0
1311350,1221,5.0
1311350,1234,5.0
1311350,1252,4.5
1311350,1258,4.5
1311350,1259,4.5
1311350,1265,4.0
1311350,1278,4.5
1311350,1304,5.0
1311350,1307,3.5
1311350,1394,4.5
1311350,1732,4.5
1311350,1968,4.0
1311350,2005,3.5
1311350,2019,5.0
1311350,2542,4.0
1311350,2571,2.0
1311350,2797,4.0
1311350,2858,4.0
1311350,2918,4.0
1311350,2959,3.5
1311350,2997,4.0
1311350,3421,2.0
1311350,3481,3.5
1311350,3671,4.5
1311350,4011,4.0
1311350,4027,5.0
1311350,4226,2.0
1311350,4973,4.0
1311350,4979,5.0
1311350,4993,1.5
1311350,5618,4.5
1311350,5952,1.5
1311350,6711,4.0
1311350,7147,3.0
1311350,7153,1.5
1311350,7361,5.0
1311350,8961,4.0
1311350,33679,4.0
1311350,46578,3.5
1311350,48516,4.0
1311350,59315,4.0
1311350,60069,3.5
1311350,68358,5.0
1311684,110,5.0
1311684,260,4.5
1311684,318,4.5
1311684,367,4.0
1311684,539,1.5
1311684,589,5.0
1311684,1036,5.0
1311684,1196,5.0
1311684,1198,5.0
1311684,1210,4.0
1311684,1291,4.5
1311684,1356,3.5
1311684,1517,4.5
1311684,1552,4.0
1311684,1573,2.0
1311684,1784,4.5
1311684,1917,4.5
1311684,2273,4.5
1311684,2355,4.5
1311684,2571,5.0
1311684,4011,4.0
1311684,4022,3.5
1311684,4993,5.0
1311684,5952,5.0
1311684,6365,2.5
1311684,6502,4.0
1311684,6934,3.0
1311684,7147,4.0
1311684,7153,5.0
1311684,33493,3.0
1311684,58559,5.0
1311684,79132,4.5
1311684,112852,5.0
1312424,296,3.5
1312424,858,4.5
1312424,3481,4.0
1312424,3578,3.0
1312424,3897,4.0
1312424,3949,4.0
1312424,3996,4.5
1312424,4246,4.0
1312424,4308,4.0
1312424,4878,4.0
1312424,4973,4.0
1312424,4979,4.0
1312424,4993,4.0
1312424,5349,3.5
1312424,5502,3.0
1312424,5618,4.5
1312424,5952,4.0
1312424,5989,4.0
1312424,6016,3.5
1312424,6378,2.0
1312424,6502,4.0
1312424,6539,4.0
1312424,6863,4.0
1312424,6874,4.0
1312424,6942,3.0
1312424,7147,4.0
1312424,7153,4.0
1312424,79132,3.5
1312424,134130,4.0
1313362,364,5.0
1313362,2571,5.0
1313362,3114,3.5
1313362,3623,5.0
1313362,3793,5.0
1313362,4306,5.0
1313362,4886,4.5
1313362,4896,5.0
1313362,4993,5.0
1313362,5349,5.0
1313362,5816,5.0
1313362,5952,4.5
1313362,6377,3.5
1313362,7153,5.0
1313362,8360,5.0
1313362,8368,5.0
1313362,8636,5.0
1313362,8961,4.5
1313362,33794,3.5
1313362,40815,5.0
1313362,50872,4.0
1313362,54001,5.0
1313362,58559,5.0
1313362,59315,4.0
1313362,69844,5.0
1313362,76093,5.0
1313362,78499,3.5
1313362,79132,3.5
1313362,81834,5.0
1313362,89745,5.0
1313362,91529,3.5
1313362,109487,5.0
1313362,112852,5.0
